,country,year,GDP_Per_Capita,birth_rate_per_thousand,total_fertility,mean_age_at_childbearing_
0,Afghanistan,1970,193.9974174283908,48.1,8.21,30.0
1,Afghanistan,1980,309.4845394303438,44.86666666666667,7.98,30.033333333333335
2,Afghanistan,1990,200.8363563686701,41.63333333333334,7.75,30.066666666666666
3,Afghanistan,2000,269.67924994690827,38.400000000000006,7.52,30.1
4,Afghanistan,2010,556.9817620916829,36.43333333333334,6.3149999999999995,29.6
5,Afghanistan,2020,444.7077088715615,34.46666666666667,5.11,29.1
6,Albania,1970,968.0146603782496,32.5,5.16,29.7
7,Albania,1980,755.6348687560674,26.2,3.33,28.8
8,Albania,1990,686.4962434382148,23.6,2.86,27.6
9,Albania,2000,2555.608841212106,12.6,1.61,27.7
10,Albania,2010,4502.6161724580725,10.1,1.4700000000000002,27.95
11,Albania,2020,5837.342047095441,27.0,1.33,28.2
12,Algeria,1970,936.336972064445,43.9,7.86,30.4
13,Algeria,1980,2435.600458502577,38.3,5.35,31.8
14,Algeria,1990,1733.798176985522,25.1,4.38,31.7
15,Algeria,2000,2952.776904543027,21.4,2.38,32.1
16,Algeria,2010,4710.9440466292135,25.0,2.56,31.950000000000003
17,Algeria,2020,3527.238610775135,21.05,2.74,31.8
18,Andorra,1970,9099.796551972177,17.1,2.3725,31.55
19,Andorra,1980,13915.454692025005,12.5,2.005,31.3
20,Andorra,1990,23729.5815057878,10.3,1.6375000000000002,31.05
21,Andorra,2000,37550.253517032754,10.5,1.27,30.8
22,Andorra,2010,43845.11720197019,9.8,1.26,30.8
23,Andorra,2020,39636.60860282395,27.400000000000002,1.25,30.8
24,Angola,1970,652.2659069402819,45.0,3.1366666666666667,30.3
25,Angola,1980,860.5977457409626,44.166666666666664,5.023333333333333,29.8
26,Angola,1990,886.3190330622205,43.333333333333336,6.91,29.3
27,Angola,2000,1938.551270714665,42.5,5.79,29.3
28,Angola,2010,4133.099740082819,38.525,5.795,28.950000000000003
29,Angola,2020,1842.08462382386,34.55,5.8,28.6
30,Anguilla,1970,1063.9325141604008,30.575000000000003,4.355,27.700000000000003
31,Anguilla,1980,4277.437971402459,26.6,2.91,26.8
32,Anguilla,1990,10976.20553482325,17.0,1.84,26.7
33,Anguilla,2000,19236.77689589451,12.2,1.44,27.8
34,Anguilla,2010,21556.048998728067,11.1,1.49,27.5
35,Anguilla,2020,17899.493501872297,18.25,1.54,27.2
36,Antigua and Barbuda,1970,1141.9043570873712,25.4,2.68,27.1
37,Antigua and Barbuda,1980,3971.461956080806,18.7,1.86,25.8
38,Antigua and Barbuda,1990,8694.92825585417,19.9,2.2,27.2
39,Antigua and Barbuda,2000,12691.03744220941,21.1,2.36,28.1
40,Antigua and Barbuda,2010,15024.481622587831,13.8,2.1849999999999996,27.950000000000003
41,Antigua and Barbuda,2020,15017.1070875149,18.25,2.01,27.8
42,Argentina,1970,1970.251299061445,22.7,3.07,28.1
43,Argentina,1980,3302.597624715112,21.4,2.96,27.6
44,Argentina,1990,7646.601546922156,18.9,2.56,27.8
45,Argentina,2000,6265.008883973484,18.4,2.38,28.0
46,Argentina,2010,12882.42184555961,18.7,2.38,27.95
47,Argentina,2020,9660.89578365165,15.85,2.38,27.9
48,Armenia,1990,498.8991713109449,13.0,1.63,24.8
49,Armenia,2000,1890.7504453872739,11.7,1.37,25.4
50,Armenia,2010,3914.709961252641,13.3,1.465,25.7
51,Armenia,2020,4736.1922106025995,17.0,1.56,26.0
52,Aruba,1970,4174.213198022774,20.7,2.53,28.3
53,Aruba,1980,7381.87234657903,18.2,1.94,27.0
54,Aruba,1990,17533.23184410986,17.8,2.08,27.2
55,Aruba,2000,24269.757596636067,12.3,1.74,27.2
56,Aruba,2010,27763.10409390444,10.6,1.675,27.2
57,Aruba,2020,26914.982207411602,15.600000000000001,1.61,27.2
58,Australia,1970,7001.876643848525,20.6,2.86,27.1
59,Australia,1980,13771.383319517761,15.7,1.89,27.7
60,Australia,1990,20830.60597117286,14.2,1.82,29.0
61,Australia,2000,34879.531512712754,12.7,1.79,30.1
62,Australia,2010,60365.71192073457,13.4,1.835,30.3
63,Australia,2020,61345.00874493005,14.2,1.88,30.5
64,Austria,1970,5167.302828615086,15.0,2.31,26.6
65,Austria,1980,12192.00865180475,11.6,1.48,26.6
66,Austria,1990,26009.34868237788,11.2,1.41,27.7
67,Austria,2000,37015.5948945256,9.5,1.41,29.0
68,Austria,2010,48766.99963216531,9.3,1.4249999999999998,29.4
69,Austria,2020,51349.7057160115,13.950000000000001,1.44,29.8
70,Azerbaijan,1990,583.824788153319,18.6,2.19,26.3
71,Azerbaijan,2000,2188.397580429223,16.7,2.33,26.2
72,Azerbaijan,2010,5813.984871878716,19.4,2.13,26.049999999999997
73,Azerbaijan,2020,4723.729792513805,24.15,1.93,25.9
74,Bahamas,1970,5678.252433558328,28.9,3.38,27.8
75,Bahamas,1980,13151.320282773013,27.3,2.48,26.9
76,Bahamas,1990,18658.221934450532,24.8,2.47,27.7
77,Bahamas,2000,27220.54098805178,14.25,1.9,27.9
78,Bahamas,2010,29327.35040787012,19.233333333333334,1.895,28.2
79,Bahamas,2020,25670.5626119482,24.21666666666667,1.89,28.5
80,Bahrain,1970,4603.541262827479,29.2,6.7,25.6
81,Bahrain,1980,10013.073089334386,29.5,4.53,30.7
82,Bahrain,1990,10496.062641267135,24.1,3.01,31.0
83,Bahrain,2000,16810.94821687693,18.15,2.61,29.6
84,Bahrain,2010,24258.41874669575,26.4,2.335,29.75
85,Bahrain,2020,25032.44459271225,34.65,2.06,29.9
86,Bangladesh,1970,117.2920198032834,42.9,6.08,27.5
87,Bangladesh,1980,207.4035496314647,38.0,4.61,28.1
88,Bangladesh,1990,307.135575502127,29.5,3.26,25.8
89,Bangladesh,2000,468.2372850440446,27.4,3.02,25.5
90,Bangladesh,2010,1401.7328635589213,25.066666666666666,2.67,25.1
91,Bangladesh,2020,2340.589075224025,22.73333333333333,2.32,24.7
92,Barbados,1970,1838.6896826962718,20.4,2.97,27.2
93,Barbados,1980,5694.617939026928,16.9,1.86,26.6
94,Barbados,1990,9023.816337349705,15.8,1.74,27.8
95,Barbados,2000,14264.11315801127,12.850000000000001,1.9,27.5
96,Barbados,2010,17331.11285502389,11.866666666666667,1.865,27.65
97,Barbados,2020,16934.6344415637,10.883333333333335,1.83,27.8
98,Belarus,1990,1561.532672321929,9.9,1.38,24.9
99,Belarus,2000,3142.156327516415,9.3,1.2,26.2
100,Belarus,2010,6416.615259606827,11.5,1.355,26.75
101,Belarus,2020,6745.748594874345,13.1,1.51,27.3
102,Belgium,1970,6500.10930671207,14.7,2.24,27.2
103,Belgium,1980,11901.346200072652,11.6,1.55,27.4
104,Belgium,1990,24344.877124177478,11.4,1.56,28.5
105,Belgium,2000,34848.897813699376,11.65,1.75,30.9
106,Belgium,2010,45301.16425176519,19.9,1.7850000000000001,30.15
107,Belgium,2020,48296.1553203156,28.15,1.82,29.4
108,Belize,1970,674.4331160887489,36.4,6.25,28.5
109,Belize,1980,1666.239812738858,35.7,5.02,27.6
110,Belize,1990,3795.3065500990315,30.1,4.0,27.0
111,Belize,2000,5157.260269466786,29.65,3.8,27.133333333333333
112,Belize,2010,5918.458300697239,35.7375,3.6,27.266666666666666
113,Belize,2020,5747.99087240262,41.825,3.4,27.4
114,Benin,1970,188.0111028864758,47.9125,5.24,28.4
115,Benin,1980,325.00222881707543,54.0,7.08,29.4
116,Benin,1990,419.9944837465059,40.6,5.96,29.5
117,Benin,2000,778.8282598432706,41.35,5.74,29.2
118,Benin,2010,1123.426769871661,34.233333333333334,5.32,29.1
119,Benin,2020,1300.822314793995,27.116666666666667,4.9,29.0
120,Bermuda,1970,8972.58040484765,20.0,1.86,26.5
121,Bermuda,1980,25311.68363351887,16.0,1.85,27.2
122,Bermuda,1990,43132.35135015541,13.6,1.74,28.7
123,Bermuda,2000,78390.53383308544,12.899999999999999,1.81,28.7
124,Bermuda,2010,106499.96747564594,19.45,1.81,29.6
125,Bermuda,2020,110063.263094923,26.0,1.81,30.5
126,Bhutan,1970,240.5253577907678,32.55,3.0700000000000003,30.133333333333333
127,Bhutan,1980,393.109403158426,39.1,4.33,29.766666666666666
128,Bhutan,1990,537.1317136428529,39.9,5.59,29.4
129,Bhutan,2000,1223.030261337273,26.55,4.69,29.4
130,Bhutan,2010,2748.5357760426386,33.233333333333334,3.6,28.799999999999997
131,Bhutan,2020,3030.1107914047952,39.91666666666667,2.51,28.2
132,Bolivia (Plurinational State of),1970,405.45189721990016,46.6,6.81,30.7
133,Bolivia (Plurinational State of),1980,649.8595178975748,40.2,5.04,29.2
134,Bolivia (Plurinational State of),1990,848.7587070528656,30.7,4.23,29.0
135,Bolivia (Plurinational State of),2000,1162.282490401881,26.8,3.84,29.0
136,Bolivia (Plurinational State of),2010,2887.832490039624,22.133333333333333,3.69,28.7
137,Bolivia (Plurinational State of),2020,3207.004571911485,17.46666666666667,3.54,28.4
138,Bosnia and Herzegovina,1990,1018.0997538125928,12.8,1.71,26.9
139,Bosnia and Herzegovina,2000,2803.781196529477,9.0,1.2,27.3
140,Bosnia and Herzegovina,2010,5106.050851599221,8.7,1.2349999999999999,27.8
141,Bosnia and Herzegovina,2020,6577.7250211498995,26.599999999999998,1.27,28.3
142,Botswana,1970,348.0617606449212,44.5,6.5,30.8
143,Botswana,1980,1117.5729261363276,41.6,4.54,30.0
144,Botswana,1990,2942.854176070868,39.3,3.9050000000000002,29.05
145,Botswana,2000,4426.546680299185,29.3,3.27,28.1
146,Botswana,2010,6542.770159717829,32.1,3.225,28.1
147,Botswana,2020,6334.214881203165,34.900000000000006,3.18,28.1
148,Brazil,1970,931.6265469614051,37.7,5.15,29.5
149,Brazil,1980,1698.6499112314061,31.9,3.37,28.0
150,Brazil,1990,3736.709150483822,21.6,2.54,26.6
151,Brazil,2000,5170.7777516282895,17.049999999999997,2.01,26.0
152,Brazil,2010,10647.292749640757,22.166666666666664,1.9249999999999998,26.2
153,Brazil,2020,7150.838049039419,27.28333333333333,1.84,26.4
154,British Virgin Islands,1970,1490.651252625175,32.4,1.88,27.15
155,British Virgin Islands,1980,4136.578028828256,20.3,1.92,27.9
156,British Virgin Islands,1990,22719.481026853096,15.5,2.19,27.3
157,British Virgin Islands,2000,42427.91674105869,13.6,1.99,27.4
158,British Virgin Islands,2010,42548.459142914864,22.233333333333334,1.655,27.4
159,British Virgin Islands,2020,48858.41622127745,30.866666666666667,1.32,27.4
160,Brunei Darussalam,1970,8420.222014157662,39.5,5.84,28.9
161,Brunei Darussalam,1980,20303.02630393522,30.5,3.59,28.8
162,Brunei Darussalam,1990,16232.978359248558,25.7,2.74,29.9
163,Brunei Darussalam,2000,27214.56342857458,18.4,2.27,29.6
164,Brunei Darussalam,2010,36019.590702355585,17.7,2.015,29.4
165,Brunei Darussalam,2020,29314.098003388302,17.0,1.76,29.2
166,Bulgaria,1970,1303.765936668416,16.3,2.17,24.7
167,Bulgaria,1980,1839.957311451571,13.3,1.97,24.0
168,Bulgaria,1990,1561.6539397215315,8.6,1.23,24.2
169,Bulgaria,2000,3936.263415169623,9.2,1.31,26.1
170,Bulgaria,2010,7855.819217721786,9.6,1.4,26.6
171,Bulgaria,2020,11135.6648917408,27.799999999999997,1.49,27.1
172,Burkina Faso,1970,158.41086081445445,46.0,4.335,28.25
173,Burkina Faso,1980,276.72574584348007,49.6,7.18,29.4
174,Burkina Faso,1990,311.7946292708576,46.1,6.44,29.5
175,Burkina Faso,2000,419.91430682771534,40.7,5.88,29.6
176,Burkina Faso,2010,717.576060598978,41.96666666666667,5.9399999999999995,29.5
177,Burkina Faso,2020,863.1607660445325,43.233333333333334,6.0,29.4
178,Burundi,1970,110.15553184771527,44.5,6.13,30.7
179,Burundi,1980,223.4721530853173,46.25,6.95,31.5
180,Burundi,1990,173.2326292477147,48.0,6.69,31.5
181,Burundi,2000,137.83464185627523,38.9,5.6,31.4
182,Burundi,2010,259.4735284864193,38.81818181818182,5.99,30.9
183,Burundi,2020,303.26940433507195,38.736363636363635,6.38,30.4
184,Cabo Verde,1970,373.3563134349257,38.654545454545456,6.297777777777777,30.31111111111111
185,Cabo Verde,1980,598.4663761037556,38.57272727272727,6.2155555555555555,30.22222222222222
186,Cabo Verde,1990,1210.6396948945167,38.49090909090909,6.133333333333333,30.133333333333333
187,Cabo Verde,2000,2288.7247639740667,38.40909090909091,6.051111111111111,30.044444444444444
188,Cabo Verde,2010,3271.934992286191,38.32727272727273,5.9688888888888885,29.955555555555556
189,Cabo Verde,2020,3108.666918479505,38.24545454545454,5.886666666666667,29.866666666666667
190,Cambodia,1970,111.12135128751933,38.163636363636364,5.804444444444444,29.77777777777778
191,Cambodia,1980,150.42169352030268,38.08181818181818,5.722222222222221,29.68888888888889
192,Cambodia,1990,265.017280551785,38.0,5.64,29.6
193,Cambodia,2000,486.4383150554211,24.85,3.4,29.0
194,Cambodia,2010,1180.3396726222331,31.566666666666666,3.2249999999999996,28.65
195,Cambodia,2020,1575.05186020003,38.28333333333333,3.05,28.3
196,Cameroon,1970,480.3321989754152,45.0,4.4350000000000005,28.3
197,Cameroon,1980,1101.5002885481408,41.0,5.82,28.3
198,Cameroon,1990,958.1766978927448,35.4,4.8,28.3
199,Cameroon,2000,1079.892399830617,37.8,4.97,28.3
200,Cameroon,2010,1493.77689613117,38.1,5.029999999999999,28.450000000000003
201,Cameroon,2020,1604.16051031473,27.6,5.09,28.6
202,Canada,1970,7180.021154642638,17.1,2.26,27.2
203,Canada,1980,14847.16785982713,14.5,1.65,27.4
204,Canada,1990,21185.78948839059,12.9,1.64,28.2
205,Canada,2000,34222.467818315396,10.95,1.55,29.5
206,Canada,2010,48008.39813568754,18.23333333333333,1.6099999999999999,29.7
207,Canada,2020,47769.93476716895,25.516666666666666,1.67,29.9
208,Cayman Islands,1970,6748.9993165662045,32.8,4.24,29.9
209,Cayman Islands,1980,25242.79038605339,18.2,1.79,26.3
210,Cayman Islands,1990,54989.593415875475,14.8,1.66,26.7
211,Cayman Islands,2000,81442.70618225541,14.4,1.87,28.8
212,Cayman Islands,2010,79257.97018105218,14.6,1.88,28.9
213,Cayman Islands,2020,84288.36207725361,28.799999999999997,1.89,29.0
214,Central African Republic,1970,243.8834106249748,43.0,5.84,28.7
215,Central African Republic,1980,423.5644889079429,41.6,6.07,29.7
216,Central African Republic,1990,376.4262247329145,38.3,5.08,28.2
217,Central African Republic,2000,339.2086710279679,29.8,5.1033333333333335,28.599999999999998
218,Central African Republic,2010,424.7042009779517,32.56,5.126666666666667,29.0
219,Central African Republic,2020,448.2851070254115,35.32,5.15,29.4
220,Chad,1970,144.41793994660117,38.08,5.556666666666667,28.933333333333334
221,Chad,1980,222.95358878771714,40.84,5.963333333333334,28.466666666666665
222,Chad,1990,258.3194814788667,43.6,6.37,28.0
223,Chad,2000,563.7352722470164,44.6,6.34,28.3
224,Chad,2010,1072.9753821500806,38.86666666666667,5.416666666666666,28.333333333333332
225,Chad,2020,925.461819470989,33.13333333333333,4.493333333333333,28.366666666666667
226,Chile,1970,1347.223298338688,27.4,3.57,28.4
227,Chile,1980,2127.200828817996,21.6,2.33,27.4
228,Chile,1990,4381.031479492734,18.5,2.23,27.4
229,Chile,2000,7379.338914530517,14.55,1.82,28.0
230,Chile,2010,14658.104231978092,15.155555555555557,1.875,28.0
231,Chile,2020,14679.7779323092,15.761111111111111,1.93,28.0
232,China (mainland),1970,171.1062231530917,16.366666666666667,2.1271428571428572,28.214285714285715
233,China (mainland),1980,311.57060155405145,16.97222222222222,2.3242857142857143,28.428571428571427
234,China (mainland),1990,587.6614479031412,17.57777777777778,2.5214285714285714,28.642857142857142
235,China (mainland),2000,1975.2640036906716,18.183333333333334,2.7185714285714284,28.857142857142858
236,China (mainland),2010,7536.785400774791,18.788888888888888,2.9157142857142855,29.071428571428573
237,China (mainland),2020,11372.45124283385,19.394444444444446,3.112857142857143,29.285714285714285
238,"China, Hong Kong SAR",1970,2442.778290831785,20.0,3.31,29.5
239,"China, Hong Kong SAR",1980,7578.612032361035,14.0,1.47,28.8
240,"China, Hong Kong SAR",1990,21400.685421789727,11.1,1.16,29.6
241,"China, Hong Kong SAR",2000,26805.628848288372,10.05,0.98,29.8
242,"China, Hong Kong SAR",2010,40789.96495843325,12.8,1.0899999999999999,30.55
243,"China, Hong Kong SAR",2020,47621.801527393254,15.55,1.2,31.3
244,"China, Macao Special Administrative Region",1970,1790.877617703781,18.3,1.677142857142857,31.114285714285714
245,"China, Macao Special Administrative Region",1980,5310.655140775438,21.049999999999997,2.1542857142857144,30.92857142857143
246,"China, Macao Special Administrative Region",1990,14876.097119216563,23.799999999999997,2.6314285714285712,30.742857142857144
247,"China, Macao Special Administrative Region",2000,25772.00483347843,26.549999999999997,3.1085714285714285,30.557142857142857
248,"China, Macao Special Administrative Region",2010,75927.55289086778,29.299999999999997,3.585714285714286,30.37142857142857
249,"China, Macao Special Administrative Region",2020,40694.239134573596,32.05,4.062857142857143,30.185714285714287
250,Colombia,1970,860.2182913066263,34.8,4.54,30.0
251,Colombia,1980,1798.727761180174,28.1,3.2,28.0
252,Colombia,1990,2535.887084952274,26.5,2.96,27.0
253,Colombia,2000,3522.921823706104,19.2,2.39,26.6
254,Colombia,2010,7015.462939261581,25.9,2.265,26.450000000000003
255,Colombia,2020,5705.67596864651,32.6,2.14,26.3
256,Comoros,1970,345.15939214435764,39.3,5.9,29.8
257,Comoros,1980,803.0228824974855,46.0,5.55,30.0
258,Comoros,1990,1017.1496197457533,31.6,4.66,30.3
259,Comoros,2000,1184.7228443610122,35.6,5.2425,30.15
260,Comoros,2010,1472.6026587923539,37.4,5.825,30.0
261,Comoros,2020,1581.9618377023098,39.2,6.407500000000001,29.85
262,Congo,1970,405.8500339531464,41.0,6.99,29.7
263,Congo,1980,1108.0616553867553,45.2,5.94,29.4
264,Congo,1990,1012.7160263204127,42.6,5.37,29.15
265,Congo,2000,1690.6845588432384,40.0,4.8,28.9
266,Congo,2010,2869.542344250326,41.4,4.955,28.7
267,Congo,2020,2019.382941711655,39.25,5.11,28.5
268,Cook Islands,1970,885.2939574592862,37.1,6.2,28.5
269,Cook Islands,1980,2322.665245667889,23.9,3.66,28.0
270,Cook Islands,1990,5554.967223543668,25.3,3.69,28.0
271,Cook Islands,2000,11342.08619288437,11.7,3.486666666666667,28.3
272,Cook Islands,2010,17648.16835700637,12.0,3.283333333333333,28.599999999999998
273,Cook Islands,2020,17952.890242500398,22.7,3.08,28.9
274,Costa Rica,1970,1274.2598326534498,33.4,4.92,29.0
275,Costa Rica,1980,1836.2341385114269,33.8,3.52,27.4
276,Costa Rica,1990,2996.760166189989,25.6,2.71,27.0
277,Costa Rica,2000,4970.266908723303,16.5,2.0,26.7
278,Costa Rica,2010,10922.769469415884,14.566666666666666,1.95,26.65
279,Costa Rica,2020,12302.6605732312,12.633333333333333,1.9,26.6
280,Croatia,1990,4059.059122904492,10.7,1.48,27.2
281,Croatia,2000,9953.874253631762,9.6,1.41,28.4
282,Croatia,2010,13675.99143775684,9.8,1.44,28.75
283,Croatia,2020,15505.862439690249,18.75,1.47,29.1
284,Cuba,1970,1269.2736441040386,27.7,3.69,26.5
285,Cuba,1980,2307.063405282848,18.1,1.89,24.7
286,Cuba,1990,2395.73301882964,13.5,1.48,25.5
287,Cuba,2000,3978.2623339856486,10.7,1.36,26.3
288,Cuba,2010,7450.957209483657,11.4,1.52,26.200000000000003
289,Cuba,2020,10377.43457593141,12.96,1.68,26.1
290,Curaçao,2000,17199.28944760508,14.52,1.945,26.700000000000003
291,Curaçao,2010,17655.61800407099,16.08,2.21,27.3
292,Curaçao,2020,13685.2171328481,17.64,2.475,27.9
293,Cyprus,1970,1964.114940132567,19.2,2.74,28.5
294,Cyprus,1980,5969.408891576127,18.5,2.38,26.9
295,Cyprus,1990,13416.46164277627,11.5,2.03,28.1
296,Cyprus,2000,24057.78225196476,8.4,1.42,29.6
297,Cyprus,2010,28163.82768704323,14.714285714285715,1.4449999999999998,29.9
298,Cyprus,2020,30425.614589772,21.028571428571432,1.47,30.2
299,Czechia,1990,5012.9663785914245,27.342857142857145,2.3516666666666666,30.0
300,Czechia,2000,13176.475572818279,33.65714285714286,3.2333333333333334,29.8
301,Czechia,2010,20663.38419134319,39.971428571428575,4.115,29.6
302,Czechia,2020,25082.91661247115,46.28571428571429,4.996666666666667,29.4
303,Côte d'Ivoire,1970,597.613273879919,52.6,5.878333333333334,29.2
304,Côte d'Ivoire,1980,889.4784317223872,48.0,6.76,29.0
305,Côte d'Ivoire,1990,823.4006062146842,39.8,5.18,29.5
306,Côte d'Ivoire,2000,893.623796755608,38.4,5.1066666666666665,29.366666666666667
307,Côte d'Ivoire,2010,1825.0285262403122,37.1,5.033333333333333,29.233333333333334
308,Côte d'Ivoire,2020,2413.515275542035,40.900000000000006,4.96,29.1
309,Democratic People's Republic of Korea,1970,516.2378114745701,44.7,4.036666666666667,28.96666666666667
310,Democratic People's Republic of Korea,1980,756.468506115988,22.1,3.1133333333333333,28.833333333333332
311,Democratic People's Republic of Korea,1990,494.837202330997,17.3,2.19,28.7
312,Democratic People's Republic of Korea,2000,512.2480435997275,15.0,2.13,28.7
313,Democratic People's Republic of Korea,2010,658.7173234355498,24.6,2.07,28.7
314,Democratic People's Republic of Korea,2020,637.7635765231365,34.2,2.01,28.7
315,Democratic Republic of the Congo,1970,411.92199715688093,43.8,6.22,28.4
316,Democratic Republic of the Congo,1980,361.8869179015706,48.1,6.7,30.3
317,Democratic Republic of the Congo,1990,281.37059816391354,47.2,7.26,30.2
318,Democratic Republic of the Congo,2000,220.7697861448841,46.3,7.07,30.1
319,Democratic Republic of the Congo,2010,452.2724463798465,35.666666666666664,6.68,30.0
320,Democratic Republic of the Congo,2020,519.5386254460541,25.03333333333333,6.29,29.9
321,Denmark,1970,7702.0181108987235,14.4,1.96,26.7
322,Denmark,1980,15635.21769782333,10.5,1.44,27.7
323,Denmark,1990,31170.666442973707,13.3,1.82,29.2
324,Denmark,2000,46263.60414928969,11.9,1.8,30.2
325,Denmark,2010,58938.4557453115,10.6,1.835,30.4
326,Denmark,2020,64506.201136262796,15.525,1.87,30.6
327,Djibouti,1970,736.7381719166916,20.450000000000003,2.9400000000000004,30.900000000000002
328,Djibouti,1980,901.5327618270737,25.375,4.01,31.2
329,Djibouti,1990,767.5760137936618,30.3,5.08,31.5
330,Djibouti,2000,887.2288070955535,19.6,4.793333333333333,31.900000000000002
331,Djibouti,2010,2239.71021617704,25.0,4.506666666666667,32.300000000000004
332,Djibouti,2020,3244.1756664131453,30.4,4.22,32.7
333,Dominica,1970,546.6420675108322,35.8,5.48,28.3
334,Dominica,1980,1702.6911325421358,22.8,2.94,26.9
335,Dominica,1990,3891.934064817996,20.7,2.67,27.8
336,Dominica,2000,5600.2410238405955,14.3,2.1,28.7
337,Dominica,2010,7600.3228300806395,13.8,2.185,29.0
338,Dominica,2020,7303.7946604841945,25.35,2.27,29.3
339,Dominican Republic,1970,793.3716810474285,36.9,6.2,30.3
340,Dominican Republic,1980,1337.4039895341596,32.0,4.68,28.15
341,Dominican Republic,1990,1943.4396127318512,27.7,3.16,26.0
342,Dominican Republic,2000,3597.830527624071,22.799999999999997,2.99,25.7
343,Dominican Republic,2010,6768.52892852633,27.666666666666664,2.715,25.7
344,Dominican Republic,2020,7822.332310130325,32.53333333333333,2.44,25.7
345,Ecuador,1970,1005.0957970794345,37.4,5.9,29.8
346,Ecuador,1980,1851.9267599324007,32.8,4.24,28.8
347,Ecuador,1990,1888.0086145766709,28.2,3.29,28.0
348,Ecuador,2000,2911.705639647792,24.2,2.84,27.4
349,Ecuador,2010,5895.703185257171,26.9,3.01,27.35
350,Ecuador,2020,5805.16608009874,29.599999999999998,3.18,27.3
351,Egypt,1970,339.3983441733542,32.3,3.8600000000000003,27.950000000000003
352,Egypt,1980,455.617311473418,37.6,4.54,28.6
353,Egypt,1990,974.4712698995245,25.9,3.63,28.1
354,Egypt,2000,1404.8193336327154,24.3,3.13,27.9
355,Egypt,2010,2741.866729160939,27.9,3.075,27.799999999999997
356,Egypt,2020,3677.6153965299,33.95,3.02,27.7
357,El Salvador,1970,430.6790427490272,40.0,6.13,28.6
358,El Salvador,1980,846.4983288960102,29.0,4.22,27.2
359,El Salvador,1990,1416.0172632927079,28.1,3.59,27.0
360,El Salvador,2000,2436.13771868731,18.05,2.81,26.8
361,El Salvador,2010,3703.1040988468985,24.0375,2.635,26.8
362,El Salvador,2020,4227.289956196705,30.025,2.46,26.8
363,Equatorial Guinea,1970,114.78412140820451,36.0125,4.21,27.4
364,Equatorial Guinea,1980,247.3873218986268,42.0,5.96,28.0
365,Equatorial Guinea,1990,613.0834708826492,43.1,5.51,30.1
366,Equatorial Guinea,2000,8938.018623070286,43.2,5.92,28.4
367,Equatorial Guinea,2010,12900.369908375582,41.56666666666667,5.765000000000001,29.049999999999997
368,Equatorial Guinea,2020,6942.3094715597945,39.93333333333333,5.61,29.7
369,Eritrea,1990,278.7751122186487,38.3,6.1,30.0
370,Eritrea,2000,340.58067289455437,32.3,5.66,30.266666666666666
371,Eritrea,2010,617.7321632264546,24.666666666666664,5.22,30.533333333333335
372,Eritrea,2020,604.517600308248,17.03333333333333,4.78,30.8
373,Estonia,1990,3364.7630063451275,9.4,1.32,25.6
374,Estonia,2000,10274.433330201977,10.7,1.5,28.2
375,Estonia,2010,19153.1826716779,11.0,1.5699999999999998,28.75
376,Estonia,2020,25793.62453633645,25.0,1.64,29.3
377,Ethiopia,1990,159.7496039947024,39.0,5.52,29.7
378,Ethiopia,2000,179.6085376126599,35.1,5.41,29.8
379,Ethiopia,2010,563.9603016371628,33.36666666666667,5.105,29.8
380,Ethiopia,2020,824.840690809379,31.633333333333333,4.8,29.8
381,Fiji,1970,976.1437177976093,29.9,4.22,28.4
382,Fiji,1980,1662.6676411751062,27.9,3.14,26.9
383,Fiji,1990,2194.599815708808,24.2,2.95,26.9
384,Fiji,2000,2973.933035000965,21.55,2.61,28.2
385,Fiji,2010,5021.737838416238,19.033333333333335,2.61,28.2
386,Fiji,2020,4755.3219620411455,16.516666666666666,2.61,28.2
387,Finland,1970,5463.787121738017,14.0,1.82,27.1
388,Finland,1980,14536.043406205548,12.8,1.65,28.4
389,Finland,1990,24300.32803799662,12.3,1.81,29.3
390,Finland,2000,37614.75026442738,11.0,1.8,29.9
391,Finland,2010,47699.70078571496,11.4,1.8399999999999999,30.049999999999997
392,Finland,2020,51437.4358041006,11.64090909090909,1.88,30.2
393,Former Czechoslovakia,1970,1901.440116649538,11.881818181818183,1.908095238095238,30.08095238095238
394,Former Czechoslovakia,1980,3405.4682374481285,12.122727272727273,1.936190476190476,29.961904761904762
395,Former Czechoslovakia,1990,3699.61275025467,12.363636363636363,1.9642857142857142,29.84285714285714
396,Former Ethiopia,1970,115.47579458170048,12.604545454545455,1.9923809523809524,29.723809523809525
397,Former Ethiopia,1980,200.6741058326404,12.845454545454546,2.0204761904761903,29.604761904761904
398,Former Ethiopia,1990,205.81698617065726,13.086363636363636,2.0485714285714285,29.485714285714284
399,Former Netherlands Antilles,1970,2800.90353768333,13.327272727272728,2.0766666666666667,29.366666666666667
400,Former Netherlands Antilles,1980,7626.639703393576,13.568181818181818,2.104761904761905,29.247619047619047
401,Former Netherlands Antilles,1990,13641.984919403101,13.809090909090909,2.132857142857143,29.128571428571426
402,Former Netherlands Antilles,2000,17821.259464015202,14.049999999999999,2.160952380952381,29.00952380952381
403,Former Sudan,1970,178.67169182547963,14.290909090909091,2.189047619047619,28.89047619047619
404,Former Sudan,1980,344.1058145392308,14.531818181818181,2.217142857142857,28.771428571428572
405,Former Sudan,1990,403.26325171074916,14.772727272727272,2.2452380952380953,28.652380952380952
406,Former Sudan,2000,796.8919566098393,15.013636363636364,2.2733333333333334,28.53333333333333
407,Former USSR,1970,2583.8203016774323,15.254545454545454,2.3014285714285716,28.414285714285715
408,Former USSR,1980,3257.8598195329787,15.495454545454544,2.3295238095238098,28.295238095238094
409,Former USSR,1990,2763.19325116744,15.736363636363636,2.357619047619048,28.176190476190477
410,Former Yugoslavia,1970,1545.198730770433,15.977272727272727,2.3857142857142857,28.057142857142857
411,Former Yugoslavia,1980,3227.640382998286,16.21818181818182,2.413809523809524,27.938095238095237
412,Former Yugoslavia,1990,3677.61193591709,16.459090909090907,2.441904761904762,27.81904761904762
413,France,1970,6194.2553371520835,16.7,2.47,27.7
414,France,1980,12894.586238101865,13.9,1.83,28.0
415,France,1990,24184.75936002346,12.6,1.7,29.5
416,France,2000,33473.54186909242,12.7,1.91,30.2
417,France,2010,40861.73012804413,12.8,1.9899999999999998,30.049999999999997
418,France,2020,41867.618795785354,25.450000000000003,2.07,29.9
419,French Polynesia,1970,4740.1117531112195,38.1,6.68,28.4
420,French Polynesia,1980,11001.853886802053,31.1,3.81,26.9
421,French Polynesia,1990,17512.987291291112,22.7,2.75,27.3
422,French Polynesia,2000,19889.18062580151,17.5,2.16,27.8
423,French Polynesia,2010,20248.40196078393,16.9,2.145,28.15
424,French Polynesia,2020,19412.48885485495,21.674999999999997,2.13,28.5
425,Gabon,1970,3116.6683538630277,26.45,3.1433333333333335,28.433333333333334
426,Gabon,1980,5474.519247007833,31.225,4.156666666666666,28.366666666666667
427,Gabon,1990,5178.754695352901,36.0,5.17,28.3
428,Gabon,2000,6119.66172703383,39.25,4.8533333333333335,28.166666666666668
429,Gabon,2010,8249.313777009262,42.5,4.536666666666666,28.03333333333333
430,Gabon,2020,7295.9735249983605,45.75,4.22,27.9
431,Gambia,1970,721.0325341523768,49.0,6.35,28.3
432,Gambia,1980,1082.277217920875,50.0,5.95,28.2
433,Gambia,1990,1051.2090299106108,46.2,6.04,28.8
434,Gambia,2000,701.2048359563394,37.625,5.3,30.2
435,Gambia,2010,668.0799587257304,29.05,4.046666666666667,28.466666666666665
436,Gambia,2020,738.0909552031675,20.475,2.7933333333333334,26.733333333333334
437,Georgia,1990,847.4623349032681,11.9,1.54,25.0
438,Georgia,2000,1776.8533981478618,10.7,1.39,26.0
439,Georgia,2010,4227.60836250439,13.4,1.54,26.2
440,Georgia,2020,4591.489033630375,13.45,1.69,26.4
441,Germany,1970,6183.470403554583,13.5,2.02,26.8
442,Germany,1980,12690.08306933608,10.5,1.39,27.4
443,Germany,1990,26940.59653278846,9.4,1.25,28.9
444,Germany,2000,34010.75956990586,8.3,1.33,29.5
445,Germany,2010,44653.84542383776,8.3,1.35,29.9
446,Germany,2020,48875.78931969565,28.95,1.37,30.3
447,Ghana,1970,496.7532971049277,49.6,7.04,29.5
448,Ghana,1980,642.2681872190361,42.025000000000006,6.4,30.3
449,Ghana,1990,824.4021501540362,34.45,4.43,29.4
450,Ghana,2000,983.9075804144462,31.700000000000003,4.44,30.3
451,Ghana,2010,1996.531881732172,26.633333333333336,4.235,29.85
452,Ghana,2020,2292.6055603201303,21.56666666666667,4.03,29.4
453,Greece,1970,3224.671605756999,16.5,2.43,27.4
454,Greece,1980,5981.979526825916,11.7,1.68,26.3
455,Greece,1990,11815.71155488013,9.5,1.32,28.2
456,Greece,2000,21538.643659574802,9.7,1.34,29.8
457,Greece,2010,21229.08544377417,10.1,1.4300000000000002,30.0
458,Greece,2020,19271.616693779448,17.35,1.52,30.2
459,Greenland,1970,4648.5351344297,24.6,3.47,27.0
460,Greenland,1980,11786.273149396317,21.4,2.23,26.4
461,Greenland,1990,21066.041305426963,20.1,2.54,26.5
462,Greenland,2000,32055.605387675012,15.6,2.34,26.6
463,Greenland,2010,48949.52789311552,15.4,2.205,27.200000000000003
464,Greenland,2020,56544.07863626405,22.2,2.07,27.8
465,Grenada,1970,481.8078929655376,29.0,4.64,27.8
466,Grenada,1980,1408.081651859951,34.0,3.54,27.5
467,Grenada,1990,2783.158678005017,23.2,3.0,28.4
468,Grenada,2000,5910.749965456667,18.05,2.83,28.466666666666665
469,Grenada,2010,8136.977813708833,25.533333333333335,2.66,28.533333333333335
470,Grenada,2020,8693.889091934465,33.016666666666666,2.49,28.6
471,Guatemala,1970,532.9796457922058,40.5,5.75,28.8
472,Guatemala,1980,974.2973879752941,42.2,5.88,29.2
473,Guatemala,1990,1162.2649652759715,37.2,4.81,28.8
474,Guatemala,2000,2025.708681615622,28.25,3.97,28.6
475,Guatemala,2010,3748.0778855351687,32.5625,3.7750000000000004,28.55
476,Guatemala,2020,4677.02550564636,36.875,3.58,28.5
477,Guinea,1970,264.9136901802668,41.1875,4.71,28.65
478,Guinea,1980,501.0727222451833,45.5,5.84,28.8
479,Guinea,1990,645.5965128681089,37.3,5.96,28.6
480,Guinea,2000,551.1766047173988,38.4,5.7,29.0
481,Guinea,2010,786.1353687443041,39.266666666666666,5.4,29.05
482,Guinea,2020,1129.3570133665248,40.13333333333333,5.1,29.1
483,Guinea-Bissau,1970,598.8195842053282,41.0,5.476666666666667,29.183333333333334
484,Guinea-Bissau,1980,525.3613256215324,42.55,5.8533333333333335,29.26666666666667
485,Guinea-Bissau,1990,551.0167226530396,44.1,6.2299999999999995,29.35
486,Guinea-Bissau,2000,411.6813039812867,41.599999999999994,6.6066666666666665,29.433333333333334
487,Guinea-Bissau,2010,642.4191519402209,38.86666666666666,6.983333333333333,29.51666666666667
488,Guinea-Bissau,2020,725.6751647366185,36.13333333333333,7.36,29.6
489,Guyana,1970,851.6615916941873,33.4,4.88,27.6
490,Guyana,1980,969.01294985885,24.5,2.63,27.3
491,Guyana,1990,1191.641033286312,20.7,2.36,27.8
492,Guyana,2000,2676.9310434789127,21.9,3.71,28.5
493,Guyana,2010,5644.989062925336,27.133333333333333,3.24,27.55
494,Guyana,2020,8430.818923447934,32.36666666666667,2.77,26.6
495,Haiti,1970,170.3087683275485,37.6,5.7,31.8
496,Haiti,1980,387.7032565457641,36.0,6.4,30.1
497,Haiti,1990,532.631963283579,34.1,4.78,30.2
498,Haiti,2000,822.8206580555088,27.049999999999997,3.53,30.9
499,Haiti,2010,1332.995686012384,34.43333333333333,3.7249999999999996,30.45
500,Haiti,2020,1563.5424564456098,41.81666666666667,3.92,30.0
501,Honduras,1970,453.2843486154763,49.2,7.5,29.3
502,Honduras,1980,982.3903862877339,38.0,5.33,28.7
503,Honduras,1990,820.9811241372017,28.8,4.95,28.6
504,Honduras,2000,1339.837226279069,30.200000000000003,4.386666666666667,28.26666666666667
505,Honduras,2010,2219.767565357322,25.033333333333335,3.8233333333333333,27.933333333333334
506,Honduras,2020,2562.92204827676,19.866666666666667,3.26,27.6
507,Hungary,1970,1207.8144176811413,14.7,1.98,25.5
508,Hungary,1980,2574.5266789248717,12.2,1.83,25.1
509,Hungary,1990,4188.029569894782,11.0,1.57,26.3
510,Hungary,2000,10091.102369269156,9.7,1.22,28.5
511,Hungary,2010,14212.759646227109,9.0,1.2349999999999999,28.9
512,Hungary,2020,17424.306226010653,14.35,1.25,29.3
513,Iceland,1970,7014.636895916243,19.7,2.79,27.3
514,Iceland,1980,16529.79118138527,16.0,1.95,27.4
515,Iceland,1990,27226.96433203328,16.0,2.08,28.7
516,Iceland,2000,46180.290653912074,14.5,2.04,29.4
517,Iceland,2010,57117.27891547045,14.1,2.115,29.7
518,Iceland,2020,64150.0262508203,25.5,2.19,30.0
519,India,1970,159.6720445302643,36.9,5.35,29.4
520,India,1980,309.8737363818877,32.9,4.27,27.9
521,India,1990,376.07144517198213,28.3,3.33,27.5
522,India,2000,716.156832099185,23.8,2.88,26.8
523,India,2010,1669.3297168752893,22.1,2.695,26.65
524,India,2020,2094.0659540431398,31.35,2.51,26.5
525,Indonesia,1970,249.24916683945213,40.6,4.78,28.1
526,Indonesia,1980,616.7723087635181,35.5,3.08,28.3
527,Indonesia,1990,945.7410628583712,23.0,2.79,28.1
528,Indonesia,2000,1451.642512627002,20.6,2.56,28.2
529,Indonesia,2010,3623.104125695965,23.044444444444444,2.575,28.25
530,Indonesia,2020,4113.49074572888,25.48888888888889,2.59,28.3
531,"Iran, Islamic Republic of",1970,1425.8193407177557,27.933333333333337,3.2385714285714284,28.685714285714287
532,"Iran, Islamic Republic of",1980,2354.811981492589,30.37777777777778,3.887142857142857,29.071428571428573
533,"Iran, Islamic Republic of",1990,1869.24937263955,32.82222222222222,4.535714285714286,29.45714285714286
534,"Iran, Islamic Republic of",2000,3464.718523735502,35.266666666666666,5.184285714285714,29.84285714285714
535,"Iran, Islamic Republic of",2010,6591.725085743963,37.711111111111116,5.832857142857143,30.228571428571428
536,"Iran, Islamic Republic of",2020,6497.074001316025,40.15555555555556,6.481428571428571,30.614285714285714
537,Iraq,1970,618.716952377736,42.6,7.13,31.0
538,Iraq,1980,1201.567976827504,36.0,5.21,30.2
539,Iraq,1990,543.3084117576502,29.4,4.64,30.4
540,Iraq,2000,2059.2683872217835,31.0,4.02,30.1
541,Iraq,2010,5410.366033569492,27.966666666666665,4.17,29.8
542,Iraq,2020,4468.73358576665,24.933333333333334,4.32,29.5
543,Ireland,1970,2960.201620071763,21.9,3.85,30.3
544,Ireland,1980,7637.277528856813,17.7,2.49,29.9
545,Ireland,1990,18922.513464648382,13.5,1.88,30.3
546,Ireland,2000,45953.07058222848,14.7,1.88,31.2
547,Ireland,2010,61660.72917120894,16.5,2.005,31.2
548,Ireland,2020,93603.62896858185,21.85,2.13,31.2
549,Israel,1970,3827.239408350706,27.2,3.91,28.3
550,Israel,1980,8047.955538747437,23.5,3.12,28.5
551,Israel,1990,16859.45548252779,21.1,2.89,29.3
552,Israel,2000,23095.1399454951,20.8,2.83,30.0
553,Israel,2010,38857.52619434957,21.8,2.9299999999999997,30.15
554,Israel,2020,50298.52313329965,19.3,3.03,30.3
555,Italy,1970,3949.2649263534067,16.8,2.41,28.2
556,Italy,1980,10482.362611615594,10.2,1.41,28.1
557,Italy,1990,21386.047843074888,9.2,1.19,29.8
558,Italy,2000,30153.01873022761,9.5,1.3,30.8
559,Italy,2010,34281.45355219982,9.3,1.365,31.05
560,Italy,2020,33728.3906109396,22.0,1.43,31.3
561,Jamaica,1970,1441.1809147248866,34.7,5.54,27.4
562,Jamaica,1980,1652.818693665117,24.5,2.95,26.8
563,Jamaica,1990,2596.493426938769,25.6,2.67,26.9
564,Jamaica,2000,4089.2684324663255,17.05,1.93,27.3
565,Jamaica,2010,5220.149376599906,17.7,1.94,27.3
566,Jamaica,2020,5040.423005932635,18.35,1.95,27.3
567,Japan,1970,4933.320091633679,19.0,2.1,27.8
568,Japan,1980,14968.491166788092,11.9,1.73,28.3
569,Japan,1990,34937.30002448417,9.5,1.39,29.4
570,Japan,2000,37095.98707583801,8.4,1.22,30.0
571,Japan,2010,41583.75773974954,8.4,1.2850000000000001,30.3
572,Japan,2020,39945.9960171749,28.050000000000004,1.35,30.6
573,Jordan,1970,748.6504710321449,47.7,7.63,29.5
574,Jordan,1980,1921.378865540386,36.6,5.57,30.4
575,Jordan,1990,1477.8341094596722,32.2,4.35,29.9
576,Jordan,2000,2406.910688347139,28.5,3.59,29.9
577,Jordan,2010,4157.2509098837645,29.7,3.7199999999999998,29.799999999999997
578,Jordan,2020,4028.367316501295,23.6,3.85,29.7
579,Kazakhstan,1990,1416.550996288135,17.5,2.1,26.0
580,Kazakhstan,2000,3962.4019801877876,20.549999999999997,2.21,27.7
581,Kazakhstan,2010,10511.51340052179,27.412499999999998,2.45,27.9
582,Kazakhstan,2020,9534.536553476135,34.275,2.69,28.1
583,Kenya,1970,394.9452018818501,41.1375,4.675,28.55
584,Kenya,1980,600.0026136201956,48.0,6.66,29.0
585,Kenya,1990,527.2459034310721,34.8,4.7,28.3
586,Kenya,2000,706.4449380176253,36.15,4.88,28.5
587,Kenya,2010,1490.860708636998,36.01111111111111,4.72,28.45
588,Kenya,2020,2009.111959866335,35.87222222222222,4.56,28.4
589,Kingdom of Eswatini,1970,679.2386435240651,35.733333333333334,4.5285714285714285,28.47142857142857
590,Kingdom of Eswatini,1980,1201.4958716801273,35.59444444444444,4.497142857142856,28.54285714285714
591,Kingdom of Eswatini,1990,1703.750420099582,35.455555555555556,4.465714285714285,28.614285714285714
592,Kingdom of Eswatini,2000,2471.746495634269,35.31666666666666,4.434285714285714,28.685714285714283
593,Kingdom of Eswatini,2010,3943.787590643778,35.17777777777778,4.402857142857143,28.757142857142856
594,Kingdom of Eswatini,2020,3666.88325996729,35.038888888888884,4.371428571428571,28.828571428571426
595,Kiribati,1970,608.8358793838529,34.9,4.34,28.9
596,Kiribati,1980,476.53374336148784,37.5,4.77,29.6
597,Kiribati,1990,809.3987512010663,32.2,4.53,30.0
598,Kiribati,2000,1057.288524911925,26.6,3.89,29.8
599,Kiribati,2010,1550.264447433851,29.214285714285715,3.675,29.700000000000003
600,Kiribati,2020,1584.8428231154899,31.82857142857143,3.46,29.6
601,Kosovo,1990,1594.0452135738756,34.44285714285714,4.124,29.44
602,Kosovo,2000,1962.2446663097712,37.05714285714286,4.788,29.28
603,Kosovo,2010,3843.3001242380583,39.67142857142857,5.452,29.12
604,Kosovo,2020,5146.293225926895,42.285714285714285,6.116,28.96
605,Kuwait,1970,9386.822817338909,44.9,6.78,28.8
606,Kuwait,1980,12438.810954356342,31.6,4.31,29.4
607,Kuwait,1990,14321.156458006542,25.3,3.13,29.4
608,Kuwait,2000,32436.70299606519,22.5,2.76,29.8
609,Kuwait,2010,37876.347841553434,21.0,2.7,29.9
610,Kuwait,2020,28223.939985162448,23.3,2.64,30.0
611,Kyrgyzstan,1990,408.3414343392693,25.6,3.36,26.4
612,Kyrgyzstan,2000,527.2586756554504,21.9,2.74,28.0
613,Kyrgyzstan,2010,1198.151219484478,28.1,2.935,28.2
614,Kyrgyzstan,2020,1275.02990882667,33.733333333333334,3.13,28.4
615,Lao People's Democratic Republic,1970,65.4310992048291,39.36666666666667,3.7133333333333334,28.8
616,Lao People's Democratic Republic,1980,154.4801050381252,45.0,4.296666666666667,29.2
617,Lao People's Democratic Republic,1990,300.5889832981827,41.3,4.88,29.6
618,Lao People's Democratic Republic,2000,560.7049271759146,34.35,4.08,28.7
619,Lao People's Democratic Republic,2010,1988.1924574939148,25.8,4.3149999999999995,28.35
620,Lao People's Democratic Republic,2020,2590.304844731115,17.25,4.55,28.0
621,Latvia,1990,2614.37838405173,8.7,1.25,25.8
622,Latvia,2000,8325.564202463522,9.3,1.31,28.2
623,Latvia,2010,14812.0820236182,8.6,1.24,28.4
624,Latvia,2020,19753.6024598266,21.5,1.17,28.6
625,Lebanon,1970,1216.0098364525886,34.4,4.57,30.2
626,Lebanon,1980,1077.2781191769159,30.7,3.08,28.8
627,Lebanon,1990,2614.9556781239967,27.0,2.91,29.6
628,Lebanon,2000,4854.284311483291,18.3,2.5700000000000003,29.5
629,Lebanon,2010,8290.828141463986,22.5,2.23,29.400000000000002
630,Lebanon,2020,6840.01675540324,31.35,1.89,29.3
631,Lesotho,1970,135.52084562046167,40.2,5.62,30.3
632,Lesotho,1980,248.6403439092393,37.0,5.49,30.2
633,Lesotho,1990,421.0999430457899,30.0,4.77,31.0
634,Lesotho,2000,642.7594383630034,25.85,3.54,28.5
635,Lesotho,2010,1130.0747041868574,35.166666666666664,3.42,28.2
636,Lesotho,2020,989.5048870478195,44.483333333333334,3.3,27.9
637,Liberia,1970,333.1017356822555,53.8,4.98,28.6
638,Liberia,1980,497.3804286099833,27.3,6.66,29.3
639,Liberia,1990,172.80608428591603,33.125,6.16,30.2
640,Liberia,2000,233.8919925596809,38.95,5.2,28.8
641,Liberia,2010,480.100333109433,39.7,5.54,28.75
642,Liberia,2020,479.20152209037997,40.45,5.88,28.7
643,Libya,1970,5696.886467500992,41.2,7.24,30.0
644,Libya,1980,8430.271150393262,40.2,6.32,30.8
645,Libya,1990,6924.016216435874,18.6,3.87,33.3
646,Libya,2000,8220.254776123433,19.65,2.51,32.5
647,Libya,2010,10588.170015777281,19.7,2.585,32.7
648,Libya,2020,6415.490114496125,19.75,2.66,32.9
649,Liechtenstein,1970,12749.718136789368,19.8,2.79,30.1
650,Liechtenstein,1980,33621.9843106583,13.7,1.44,29.5
651,Liechtenstein,1990,76583.81560178111,13.7,1.56,30.2
652,Liechtenstein,2000,115220.75819699245,11.0,1.5,31.1
653,Liechtenstein,2010,169713.6843377179,9.1,1.455,31.15
654,Liechtenstein,2020,163520.88817704452,10.1,1.41,31.2
655,Lithuania,1990,2382.030336203499,11.1,1.49,25.6
656,Lithuania,2000,7826.137548265768,8.9,1.27,27.6
657,Lithuania,2010,15447.685986505609,10.7,1.4100000000000001,28.25
658,Lithuania,2020,22000.2970671998,11.85,1.55,28.9
659,Luxembourg,1970,8806.454246302015,13.0,1.98,27.2
660,Luxembourg,1980,17249.416093277792,11.2,1.4,27.9
661,Luxembourg,1990,44017.31112199088,13.3,1.7,28.9
662,Luxembourg,2000,79989.57123026604,11.5,1.63,29.7
663,Luxembourg,2010,113758.37379012881,10.9,1.625,30.25
664,Luxembourg,2020,125559.811045768,27.950000000000003,1.62,30.8
665,Madagascar,1970,246.0541586028117,45.0,6.62,29.3
666,Madagascar,1980,318.1459810647651,44.075,6.63,30.2
667,Madagascar,1990,282.1641644177647,43.150000000000006,5.96,28.5
668,Madagascar,2000,357.325991999365,34.349999999999994,5.18,28.4
669,Madagascar,2010,497.2851796660234,38.99999999999999,5.0,28.299999999999997
670,Madagascar,2020,481.14538398668196,43.65,4.82,28.2
671,Malawi,1970,209.62274400148164,48.3,6.65,30.6
672,Malawi,1980,302.5743215919515,41.2,7.58,29.7
673,Malawi,1990,301.5391120673767,37.9,6.35,28.9
674,Malawi,2000,312.8412242587087,41.55,6.04,28.8
675,Malawi,2010,477.2483540415236,39.96666666666666,5.875,28.9
676,Malawi,2020,610.183729576009,38.38333333333333,5.71,29.0
677,Malaysia,1970,853.2328331206829,36.8,4.67,29.4
678,Malaysia,1980,2032.800302600767,31.6,3.73,30.0
679,Malaysia,1990,3659.4500399850613,26.0,3.33,30.0
680,Malaysia,2000,5591.382302609326,17.85,2.45,30.4
681,Malaysia,2010,10290.839089313198,24.866666666666667,2.43,30.4
682,Malaysia,2020,10625.88729414735,31.883333333333333,2.41,30.4
683,Maldives,1970,413.59519517301135,38.9,6.14,29.1
684,Maldives,1980,829.7735365148332,48.0,6.42,29.6
685,Maldives,1990,2083.6608425748027,27.5,3.67,28.8
686,Maldives,2000,4495.816813573902,18.8,2.16,28.8
687,Maldives,2010,9018.915032275798,22.5,2.21,28.8
688,Maldives,2020,8824.33367727411,30.53333333333333,2.26,28.8
689,Mali,1970,105.18912975671871,38.56666666666666,4.68,28.9
690,Mali,1980,204.2675730514893,46.6,7.1,29.0
691,Mali,1990,301.6101421529981,45.5,6.72,28.8
692,Mali,2000,460.1597433287602,45.55,6.67,28.8
693,Mali,2010,781.4183083621799,35.8,6.62,28.8
694,Mali,2020,848.729275877859,26.05,6.57,28.8
695,Malta,1970,1597.8074528053362,16.3,2.02,29.0
696,Malta,1980,4304.2003713173,16.0,1.93,28.9
697,Malta,1990,8928.329122450468,15.1,1.82,29.0
698,Malta,2000,15414.698792859921,9.6,1.38,28.9
699,Malta,2010,25637.051726545593,10.2,1.365,29.2
700,Malta,2020,31408.588832576548,28.150000000000002,1.35,29.5
701,Marshall Islands,1970,574.2155463414346,46.1,8.43,30.6
702,Marshall Islands,1980,1250.0306423718425,39.7,5.34,27.3
703,Marshall Islands,1990,2087.4253996989382,28.9,3.93,26.6
704,Marshall Islands,2000,2511.195603738173,30.35,3.74,26.6
705,Marshall Islands,2010,3952.754381811827,35.85,3.7350000000000003,26.55
706,Marshall Islands,2020,5871.18043141376,41.35,3.73,26.5
707,Mauritania,1970,697.5870970837502,46.85,4.37,28.9
708,Mauritania,1980,1100.4704666041494,39.075,5.01,31.3
709,Mauritania,1990,988.4207310623357,31.3,4.49,30.3
710,Mauritania,2000,1011.52425115113,29.1,4.31,31.6
711,Mauritania,2010,1742.462091157898,28.333333333333336,4.449999999999999,31.15
712,Mauritania,2020,2017.256522431455,27.566666666666666,4.59,30.7
713,Mauritius,1970,700.7122377289238,26.8,3.83,28.8
714,Mauritius,1980,1464.509597665055,18.7,2.28,27.5
715,Mauritius,1990,3340.091357354402,18.4,2.13,27.1
716,Mauritius,2000,5473.682912532449,15.1,1.81,27.2
717,Mauritius,2010,9756.74260335258,11.7,1.635,27.299999999999997
718,Mauritius,2020,8827.84504801633,26.4,1.46,27.4
719,Mexico,1970,1590.0193496518389,41.1,6.56,30.0
720,Mexico,1980,2940.506520918453,34.9,4.6,28.4
721,Mexico,1990,5026.3574357777015,29.8,3.26,27.8
722,Mexico,2000,8253.476419376097,22.55,2.77,26.9
723,Mexico,2010,10012.439754062585,28.7,2.77,26.799999999999997
724,Mexico,2020,9350.33684810529,34.85,2.77,26.7
725,Micronesia (Federated States of),1970,631.0055190663269,41.0,7.17,30.2
726,Micronesia (Federated States of),1980,1191.9194316425733,37.9,6.19,31.6
727,Micronesia (Federated States of),1990,1889.6428334388952,27.0,4.04,30.9
728,Micronesia (Federated States of),2000,2265.590066377569,22.85,3.11,29.3
729,Micronesia (Federated States of),2010,3107.923207767706,18.233333333333334,3.11,29.3
730,Micronesia (Federated States of),2020,3603.8749329617,13.616666666666667,3.11,29.3
731,Monaco,1970,24685.975552171858,9.0,3.7357142857142858,29.614285714285714
732,Monaco,1980,48601.92997775318,19.3,4.361428571428571,29.92857142857143
733,Monaco,1990,87233.33007394533,25.1,4.9871428571428575,30.242857142857144
734,Monaco,2000,131430.4795673623,25.2,5.612857142857143,30.557142857142857
735,Monaco,2010,179882.21659839718,30.566666666666666,6.238571428571428,30.87142857142857
736,Monaco,2020,208427.1947094865,35.93333333333333,6.864285714285715,31.185714285714287
737,Mongolia,1970,239.77597734655768,41.3,7.49,31.5
738,Mongolia,1980,624.2235925692636,38.0,5.48,29.7
739,Mongolia,1990,673.6732036039641,24.4,2.65,27.8
740,Mongolia,2000,1245.6689545899953,19.0,1.96,28.5
741,Mongolia,2010,3936.890743884699,22.9,2.275,28.6
742,Mongolia,2020,4275.5162692064805,18.9,2.59,28.7
743,Montenegro,1990,1857.793046816983,14.9,1.79,28.0
744,Montenegro,2000,3900.236465315571,11.8,1.6,28.4
745,Montenegro,2010,7296.698067020012,11.4,1.725,28.45
746,Montenegro,2020,8426.164886831299,19.15,1.85,28.5
747,Montserrat,1970,1108.0396147470603,26.9,2.0549999999999997,27.1
748,Montserrat,1980,3953.822544836731,20.0,2.26,25.7
749,Montserrat,1990,6907.596375333141,12.2,1.56,28.1
750,Montserrat,2000,9846.683598340262,12.4,1.61,27.4
751,Montserrat,2010,12649.34555334552,24.266666666666666,1.685,28.25
752,Montserrat,2020,15633.4546472617,36.13333333333333,1.76,29.1
753,Morocco,1970,573.1643915291536,48.0,6.88,30.1
754,Morocco,1980,903.3828738489201,31.6,4.64,31.1
755,Morocco,1990,1391.2516914357209,23.6,3.3,31.3
756,Morocco,2000,2068.487778143236,19.5,2.48,29.7
757,Morocco,2010,3296.4540130546993,29.0,2.54,29.9
758,Morocco,2020,3580.383765080015,38.5,2.6,30.1
759,Mozambique,1970,583.6669967534525,48.0,6.7,30.4
760,Mozambique,1980,505.7451616315322,47.0,6.49,30.0
761,Mozambique,1990,249.658966592695,39.2,5.16,28.4
762,Mozambique,2000,409.63956494084533,40.2,5.54,28.8
763,Mozambique,2010,560.7457847676908,41.6,5.73,28.9
764,Mozambique,2020,472.9507385611255,40.5,5.92,29.0
765,Myanmar,1970,130.22383591465075,39.4,4.72,29.65
766,Myanmar,1980,168.9346723193549,34.8,3.52,30.3
767,Myanmar,1990,192.50372190738548,22.4,2.83,30.8
768,Myanmar,2000,352.2099802561051,18.55,1.85,30.4
769,Myanmar,2010,1273.6658876322767,21.76,1.875,30.549999999999997
770,Myanmar,2020,1277.459284063985,24.97,1.9,30.7
771,Namibia,1970,1178.4013442883545,28.18,3.5599999999999996,29.2
772,Namibia,1980,1998.4712235595048,31.39,5.22,27.7
773,Namibia,1990,2257.864866249598,34.6,4.18,30.2
774,Namibia,2000,3194.141996949732,26.25,3.22,30.3
775,Namibia,2010,5410.005528420517,24.933333333333334,3.39,29.6
776,Namibia,2020,4539.871637209075,23.616666666666667,3.56,28.9
777,Nauru,1970,3992.028487242312,22.3,5.18,29.8
778,Nauru,1980,4875.955151177949,22.8,4.365,28.75
779,Nauru,1990,3541.581732912665,23.3,3.55,27.7
780,Nauru,2000,2739.69360145022,26.3,3.82,25.8
781,Nauru,2010,10232.036437803697,31.533333333333335,3.59,26.9
782,Nauru,2020,11702.7322019845,36.766666666666666,3.36,28.0
783,Nepal,1970,102.43412820088997,42.0,6.3,30.4
784,Nepal,1980,159.3314328492007,39.0,5.11,29.3
785,Nepal,1990,198.6096864418094,37.2,4.64,27.5
786,Nepal,2000,339.6364715632305,26.35,3.13,26.0
787,Nepal,2010,886.1472784925729,23.666666666666668,2.865,26.05
788,Nepal,2020,1162.554600338005,20.983333333333334,2.6,26.1
789,Netherlands,1970,7073.864018364436,18.3,2.58,28.2
790,Netherlands,1980,13259.296653294197,12.3,1.51,28.4
791,Netherlands,1990,25596.44716548849,12.3,1.54,30.0
792,Netherlands,2000,40784.319862308635,11.5,1.68,31.0
793,Netherlands,2010,50402.19346834636,10.7,1.745,30.85
794,Netherlands,2020,55027.34606688385,24.0,1.81,30.7
795,New Caledonia,1970,5105.510164798059,37.3,5.29,27.9
796,New Caledonia,1980,7736.54225060037,23.4,2.92,28.1
797,New Caledonia,1990,16127.950910230971,22.2,2.56,28.1
798,New Caledonia,2000,25057.68137709497,17.5,2.2,29.0
799,New Caledonia,2010,34654.612858080254,16.7,2.1950000000000003,29.15
800,New Caledonia,2020,34002.9471912297,19.4,2.19,29.3
801,New Zealand,1970,4367.698049761543,22.1,3.15,26.7
802,New Zealand,1980,9396.68487366735,16.0,1.92,27.2
803,New Zealand,1990,15025.693954039441,15.7,1.98,28.3
804,New Zealand,2000,23624.02801439327,14.0,2.0,29.5
805,New Zealand,2010,40918.639014846776,13.9,2.0300000000000002,29.65
806,New Zealand,2020,45376.7988618253,31.950000000000003,2.06,29.8
807,Nicaragua,1970,737.3725911969161,50.0,6.0,29.8
808,Nicaragua,1980,923.8173192147075,45.0,5.79,28.0
809,Nicaragua,1990,885.0769213184536,29.4,3.62,27.2
810,Nicaragua,2000,1171.3596832196313,24.85,3.23,26.9
811,Nicaragua,2010,1869.9451838707569,34.56666666666667,2.965,26.65
812,Nicaragua,2020,1954.320862835335,44.28333333333333,2.7,26.4
813,Niger,1970,245.25171671597917,54.0,5.1,27.5
814,Niger,1980,407.7323325599981,52.0,7.5,28.6
815,Niger,1990,301.13104941525,51.7,7.2,28.7
816,Niger,2000,320.542566273215,47.099999999999994,7.07,30.2
817,Niger,2010,518.2720767723574,45.83749999999999,7.045,29.6
818,Niger,2020,577.7257372980605,44.574999999999996,7.02,29.0
819,Nigeria,1970,1432.3276378312667,43.3125,7.32,28.7
820,Nigeria,1980,2052.4003836780525,42.05,6.01,29.7
821,Nigeria,1990,524.015762692474,41.6,5.835,29.45
822,Nigeria,2000,1249.7519318824775,41.150000000000006,5.66,29.2
823,Nigeria,2010,2478.951150906344,33.0,5.6899999999999995,29.5
824,Nigeria,2020,2041.440429848795,24.85,5.72,29.8
825,Norway,1970,7586.227900083858,16.7,2.5,27.0
826,Norway,1980,18205.14698791596,12.3,1.68,27.5
827,Norway,1990,32461.670017856763,13.8,1.88,28.8
828,Norway,2000,63046.56265441196,12.3,1.84,29.8
829,Norway,2010,86791.7115365878,12.2,1.905,29.950000000000003
830,Norway,2020,78283.41810086786,24.466666666666665,1.97,30.1
831,Oman,1970,2093.987623003429,36.733333333333334,4.74,29.55
832,Oman,1980,6370.148343246562,49.0,7.51,29.0
833,Oman,1990,6722.619821694892,34.0,7.39,30.7
834,Oman,2000,14627.857233479304,21.85,2.59,31.7
835,Oman,2010,21080.80808338983,28.633333333333336,2.7800000000000002,31.25
836,Oman,2020,18108.54474120885,35.41666666666667,2.97,30.8
837,Pakistan,1970,227.7662387046642,42.2,6.27,29.5
838,Pakistan,1980,415.67037817809216,43.3,7.01,30.8
839,Pakistan,1990,518.8479159032332,36.6,5.48,29.6
840,Pakistan,2000,660.6129315226594,28.4,3.79,30.3
841,Pakistan,2010,1289.0610706494695,30.366666666666664,3.74,30.35
842,Pakistan,2020,1386.5263381481,32.33333333333333,3.69,30.4
843,Palau,1970,1198.8127170029957,34.3,6.52,31.7
844,Palau,1980,3045.415248609676,17.7,3.05,29.9
845,Palau,1990,6409.353015435967,23.3,2.83,27.9
846,Palau,2000,8942.866501199362,13.0,1.91,28.3
847,Palau,2010,13874.771098777865,20.433333333333334,1.9649999999999999,28.5
848,Palau,2020,13048.95288030775,27.866666666666667,2.02,28.7
849,Panama,1970,1162.6063776842386,35.3,5.07,27.8
850,Panama,1980,2473.932662686318,26.6,3.2,27.0
851,Panama,1990,3309.398092713015,23.1,2.72,26.7
852,Panama,2000,5136.599774684061,19.7,2.39,26.6
853,Panama,2010,12771.705171411897,19.3,2.395,26.6
854,Panama,2020,13593.38838788585,33.4,2.4,26.6
855,Papua New Guinea,1970,826.4267999110356,47.5,7.11,30.6
856,Papua New Guinea,1980,1284.4209213484621,46.0,5.975,30.200000000000003
857,Papua New Guinea,1990,1470.114782946366,33.9,4.84,29.8
858,Papua New Guinea,2000,1145.1363923036338,34.25,4.55,30.7
859,Papua New Guinea,2010,2467.622208880074,34.6,4.465,30.25
860,Papua New Guinea,2020,2559.52593447061,34.949999999999996,4.38,29.8
861,Paraguay,1970,643.5569124927708,35.3,5.86,30.8
862,Paraguay,1980,1735.5762857179911,32.8,4.71,29.3
863,Paraguay,1990,1973.152362339526,34.3,4.34,28.7
864,Paraguay,2000,2448.527178732597,27.2,2.92,28.3
865,Paraguay,2010,5896.664772189476,32.266666666666666,2.69,28.1
866,Paraguay,2020,5694.245556555536,37.33333333333333,2.46,27.9
867,Peru,1970,639.9144838583411,42.4,6.18,29.9
868,Peru,1980,1152.282990348988,34.8,4.12,29.4
869,Peru,1990,1848.6901310802818,27.5,3.53,28.7
870,Peru,2000,2814.64880715674,18.950000000000003,2.5,28.3
871,Peru,2010,6355.004870652476,25.633333333333336,2.54,28.35
872,Peru,2020,6338.962557870055,32.31666666666667,2.58,28.4
873,Philippines,1970,387.5913002811472,39.0,5.89,30.6
874,Philippines,1980,723.8608199232187,33.775,4.42,30.0
875,Philippines,1990,1057.1965000720757,28.55,3.73,29.2
876,Philippines,2000,1359.65775421513,24.8,3.54,28.9
877,Philippines,2010,2878.665602427431,22.133333333333333,3.4,28.85
878,Philippines,2020,3342.47696703004,19.46666666666667,3.26,28.8
879,Poland,1970,1441.4375950848666,16.8,2.23,27.1
880,Poland,1980,1928.275463622751,18.2,2.33,26.4
881,Poland,1990,3286.5267363902167,11.3,1.61,26.9
882,Poland,2000,8008.150358515913,9.5,1.15,28.2
883,Poland,2010,13501.303103048709,10.1,1.265,28.5
884,Poland,2020,16667.6928947383,15.0,1.38,28.8
885,Portugal,1970,1862.6393427142,19.9,3.1,29.0
886,Portugal,1980,3801.5247214966817,13.0,1.77,27.1
887,Portugal,1990,10713.34552376129,10.7,1.41,28.1
888,Portugal,2000,17885.73740108835,10.4,1.41,29.3
889,Portugal,2010,21741.839328975682,9.1,1.365,29.5
890,Portugal,2020,23445.5916374922,16.95,1.32,29.7
891,Puerto Rico,1970,2812.3583925074117,24.8,3.15,27.1
892,Puerto Rico,1980,6096.127035044372,19.0,2.42,26.4
893,Puerto Rico,1990,11572.051036912777,17.2,2.07,25.9
894,Puerto Rico,2000,21397.995164567103,12.3,1.76,26.0
895,Puerto Rico,2010,29154.99608800336,19.333333333333332,1.685,25.95
896,Puerto Rico,2020,32103.03739674665,26.366666666666667,1.61,25.9
897,Qatar,1970,11792.381668537635,33.4,3.05,28.049999999999997
898,Qatar,1980,19494.88697801689,25.1,4.49,30.2
899,Qatar,1990,16871.37153458256,20.7,3.24,29.0
900,Qatar,2000,47041.43514809471,16.8,2.52,29.8
901,Qatar,2010,76876.40028106965,11.4,2.27,30.0
902,Qatar,2020,59557.2135660066,21.049999999999997,2.02,30.2
903,Republic of Korea,1970,748.147441760429,30.7,4.27,29.8
904,Republic of Korea,1980,2922.478254004874,16.1,1.66,26.4
905,Republic of Korea,1990,9803.5328741388,15.4,1.66,28.2
906,Republic of Korea,2000,17543.304922333868,9.3,1.14,30.0
907,Republic of Korea,2010,28615.8472466718,9.8,1.225,30.5
908,Republic of Korea,2020,33328.2692577112,11.4,1.31,31.0
909,Republic of Moldova,1990,601.5186619832709,13.0,1.75,24.8
910,Republic of Moldova,2000,956.2325229391492,10.5,1.22,26.1
911,Republic of Moldova,2010,2775.1353450002944,11.0,1.2850000000000001,26.5
912,Republic of Moldova,2020,4156.46652078292,12.683333333333334,1.35,26.9
913,Republic of North Macedonia,1990,1792.5687412388681,14.366666666666667,1.6580000000000001,26.86
914,Republic of North Macedonia,2000,3028.7768892183362,16.05,1.9660000000000002,26.82
915,Republic of North Macedonia,2010,5183.142080607854,17.733333333333334,2.274,26.779999999999998
916,Republic of North Macedonia,2020,6169.083776641841,19.416666666666668,2.582,26.74
917,Romania,1970,1085.3579814045145,21.1,2.89,26.7
918,Romania,1980,2248.8366989653327,15.8,2.26,25.4
919,Romania,1990,1504.8224399584594,10.4,1.34,25.0
920,Romania,2000,4972.4450660445955,10.2,1.32,26.7
921,Romania,2010,10045.818140389612,9.2,1.3250000000000002,26.9
922,Romania,2020,13813.2851991126,9.2,1.33,27.1
923,Russian Federation,1990,2816.269704451133,9.2,1.33,24.8
924,Russian Federation,2000,5526.85832032878,10.2,1.29,26.5
925,Russian Federation,2010,12263.467570821394,12.6,1.4300000000000002,27.0
926,Russian Federation,2020,11243.3442448556,31.799999999999997,1.57,27.5
927,Rwanda,1970,127.44424273929772,51.0,7.66,30.6
928,Rwanda,1980,297.8830014241655,45.55,8.49,31.3
929,Rwanda,1990,245.2280740307095,40.1,6.23,31.3
930,Rwanda,2000,345.293163554702,36.8,6.08,31.0
931,Rwanda,2010,717.2607163886362,33.099999999999994,5.32,30.8
932,Rwanda,2020,798.5158303551784,29.4,4.56,30.6
933,Saint Kitts and Nevis,1970,959.2750134948577,25.7,5.09,27.6
934,Saint Kitts and Nevis,1980,2802.755950646885,23.3,2.84,27.0
935,Saint Kitts and Nevis,1990,7150.492416601701,18.3,2.21,27.0
936,Saint Kitts and Nevis,2000,12732.700397464874,18.049999999999997,2.53,26.9
937,Saint Kitts and Nevis,2010,19860.40210608978,25.03333333333333,2.3049999999999997,26.65
938,Saint Kitts and Nevis,2020,18324.35291795375,32.016666666666666,2.08,26.4
939,Saint Lucia,1970,772.5990669479659,39.0,6.29,27.5
940,Saint Lucia,1980,2359.794359660466,33.8,3.97,26.8
941,Saint Lucia,1990,4826.666441770839,25.5,3.01,27.7
942,Saint Lucia,2000,6837.950716423082,14.15,1.84,27.7
943,Saint Lucia,2010,10238.157684230011,21.333333333333336,1.7349999999999999,27.85
944,Saint Lucia,2020,9422.18820083036,28.51666666666667,1.63,28.0
945,Saint Vincent and the Grenadines,1970,368.0961547660588,35.7,6.11,27.3
946,Saint Vincent and the Grenadines,1980,1213.3111113250209,26.4,2.9,26.4
947,Saint Vincent and the Grenadines,1990,2817.015279224182,23.6,2.74,26.9
948,Saint Vincent and the Grenadines,2000,5204.456817654631,18.0,2.11,27.3
949,Saint Vincent and the Grenadines,2010,7441.618327212695,24.566666666666666,2.11,27.35
950,Saint Vincent and the Grenadines,2020,8387.634944423306,31.133333333333333,2.11,27.4
951,Samoa,1970,498.65427408192863,37.7,7.0,30.3
952,Samoa,1980,632.498945971765,28.6,6.7,30.6
953,Samoa,1990,1036.7784576046122,25.9,4.76,31.7
954,Samoa,2000,2307.975349591205,27.950000000000003,4.37,29.7
955,Samoa,2010,4061.87401019537,23.633333333333336,4.275,30.1
956,Samoa,2020,3888.2190193074803,19.31666666666667,4.18,30.5
957,San Marino,1970,7703.87885687059,15.0,2.11,27.4
958,San Marino,1980,18793.2836381386,9.3,1.13,27.8
959,San Marino,1990,40710.17300972544,9.8,1.24,30.1
960,San Marino,2000,64608.89209820293,9.5,1.28,30.8
961,San Marino,2010,52279.45448796312,10.2,1.32,31.500000000000004
962,San Marino,2020,47924.254436837946,27.349999999999998,1.36,32.2
963,Sao Tome and Principe,1970,565.7725327213075,44.5,4.295,30.700000000000003
964,Sao Tome and Principe,1980,812.1988834565238,41.5,7.23,29.2
965,Sao Tome and Principe,1990,771.566872351307,34.9,5.38,29.1
966,Sao Tome and Principe,2000,741.9029951566388,34.15,4.66,29.5
967,Sao Tome and Principe,2010,1607.01273042676,34.14,4.78,29.6
968,Sao Tome and Principe,2020,2332.5080913470147,34.13,4.9,29.7
969,Saudi Arabia,1970,5397.55284378963,34.12,5.68,30.35
970,Saudi Arabia,1980,10060.118432526793,34.11,6.46,31.0
971,Saudi Arabia,1990,7690.237103515799,34.1,6.1,31.4
972,Saudi Arabia,2000,12384.748177304475,17.85,3.03,31.5
973,Saudi Arabia,2010,21652.49423321123,28.200000000000003,3.15,31.55
974,Saudi Arabia,2020,21362.7145972576,38.55,3.27,31.6
975,Senegal,1970,452.8469340575839,48.9,6.44,29.5
976,Senegal,1980,718.7241201085375,47.0,6.38,29.4
977,Senegal,1990,817.3527863724951,39.3,5.66,30.4
978,Senegal,2000,971.7471400102643,38.2,5.26,29.7
979,Senegal,2010,1366.8280207905232,29.866666666666667,5.12,29.65
980,Senegal,2020,1563.7025360342,21.533333333333335,4.98,29.6
981,Serbia,1990,2470.8937768042388,13.2,1.83,26.6
982,Serbia,2000,3712.096877000383,9.649999999999999,1.45,27.3
983,Serbia,2010,6066.179384384469,16.8,1.405,27.85
984,Serbia,2020,7945.93161368803,23.950000000000003,1.36,28.4
985,Seychelles,1970,1030.8054566256728,31.1,5.55,29.4
986,Seychelles,1980,3480.048093953613,26.5,3.25,27.6
987,Seychelles,1990,7955.780780675482,21.0,2.35,26.9
988,Seychelles,2000,10313.486296433657,18.5,2.21,27.4
989,Seychelles,2010,13615.435276597582,18.6,2.375,27.45
990,Seychelles,2020,11649.68370606005,34.400000000000006,2.54,27.5
991,Sierra Leone,1970,235.67365304181908,50.2,6.51,28.6
992,Sierra Leone,1980,355.8447020684172,49.8,6.25,28.7
993,Sierra Leone,1990,242.06272367546808,45.4,6.6,28.6
994,Sierra Leone,2000,295.8525515112099,39.85,6.1,29.8
995,Sierra Leone,2010,542.3826159001196,33.93333333333334,5.609999999999999,29.450000000000003
996,Sierra Leone,2020,499.0267452421315,28.016666666666666,5.12,29.1
997,Singapore,1970,2353.8103964655866,22.1,3.1,29.1
998,Singapore,1980,7302.056761265766,15.5,1.62,28.7
999,Singapore,1990,20489.08409739234,13.8,1.77,29.8
1000,Singapore,2000,29779.560038480722,8.8,1.25,30.1
1001,Singapore,2010,56555.25290819586,7.5,1.26,30.55
1002,Singapore,2020,62623.47735048755,8.3,1.27,31.0
1003,Sint Maarten (Dutch part),2000,24798.77096589938,9.1,1.33,29.65
1004,Sint Maarten (Dutch part),2010,31279.89058046463,9.9,1.3900000000000001,28.3
1005,Sint Maarten (Dutch part),2020,26071.0340754985,10.7,1.45,26.950000000000003
1006,Slovakia,1990,3343.753066759902,11.5,1.51,25.6
1007,Slovakia,2000,9537.575765871827,10.1,1.26,27.7
1008,Slovakia,2010,17918.82487037829,11.3,1.3199999999999998,28.2
1009,Slovakia,2020,20471.941261995198,10.4,1.38,28.7
1010,Slovenia,1990,9114.484710655053,9.5,1.29,27.0
1011,Slovenia,2000,17805.51548678099,9.1,1.26,29.3
1012,Slovenia,2010,23498.99945778494,10.9,1.415,29.65
1013,Slovenia,2020,27248.20852951365,19.333333333333336,1.57,30.0
1014,Solomon Islands,1970,333.18137621307017,27.766666666666673,7.42,30.1
1015,Solomon Islands,1980,574.7448196573597,36.2,6.07,29.5
1016,Solomon Islands,1990,904.9154226900962,31.8,4.77,29.2
1017,Solomon Islands,2000,1139.4033670640008,32.35,4.68,29.233333333333334
1018,Solomon Islands,2010,2157.859360169735,35.96666666666667,4.59,29.266666666666666
1019,Solomon Islands,2020,2264.2199185335103,39.583333333333336,4.5,29.3
1020,Somalia,1970,123.66519334495281,43.2,6.98,31.8
1021,Somalia,1980,120.64758891780882,49.0,7.29,31.3
1022,Somalia,1990,224.68223307844127,48.0,7.35,30.1
1023,Somalia,2000,371.48832808457917,47.0,8.24,30.8
1024,Somalia,2010,345.7834771486766,44.53333333333333,7.455,30.4
1025,Somalia,2020,431.6150726676045,42.06666666666667,6.67,30.0
1026,South Africa,1970,1345.9111725448151,39.6,4.94,30.1
1027,South Africa,1980,2475.200215881263,30.85,4.58,28.7
1028,South Africa,1990,3440.99300950623,22.1,2.9,28.3
1029,South Africa,2000,4957.241471852215,19.6,2.88,28.8
1030,South Africa,2010,7176.090354244094,24.383333333333336,2.69,28.75
1031,South Africa,2020,6398.348212483104,29.16666666666667,2.5,28.7
1032,South Sudan,2000,1446.95582627302,33.95,2.9433333333333334,29.633333333333333
1033,South Sudan,2010,848.776678367433,29.1,3.3866666666666667,30.566666666666666
1034,South Sudan,2020,398.950202685108,24.25,3.83,31.5
1035,Spain,1970,2954.159319689796,19.4,2.82,29.5
1036,Spain,1980,6553.428055160208,11.9,1.63,28.5
1037,Spain,1990,14858.68783255994,9.2,1.18,30.0
1038,Spain,2000,24792.779245810052,10.7,1.35,30.9
1039,Spain,2010,28948.454231163632,10.5,1.37,31.049999999999997
1040,Spain,2020,28509.55728535645,19.9,1.39,31.2
1041,Sri Lanka,1970,278.3803150829523,29.3,4.22,29.7
1042,Sri Lanka,1980,413.9788203795309,24.0,2.68,28.6
1043,Sri Lanka,1990,795.5011054608979,18.8,1.88,28.4
1044,Sri Lanka,2000,1488.6283878618174,18.9,2.36,28.8
1045,Sri Lanka,2010,3602.416622251161,25.166666666666668,2.325,29.05
1046,Sri Lanka,2020,3823.375388815285,31.433333333333337,2.29,29.3
1047,State of Palestine,1970,400.3344584448441,37.7,7.47,31.7
1048,State of Palestine,1980,768.0437443269842,32.7,6.47,29.3
1049,State of Palestine,1990,1184.8442305805113,39.900000000000006,6.38,28.9
1050,State of Palestine,2000,1466.947175215459,36.7,5.8133333333333335,28.966666666666665
1051,State of Palestine,2010,3120.610101369846,34.233333333333334,5.246666666666666,29.033333333333335
1052,State of Palestine,2020,3303.97777482352,31.76666666666667,4.68,29.1
1053,Sudan,2000,1515.1598718913501,29.3,4.426666666666667,29.633333333333333
1054,Sudan,2010,1870.60743794575,31.6,4.173333333333333,30.166666666666668
1055,Sudan,2020,778.538457532265,33.900000000000006,3.92,30.7
1056,Suriname,1970,1675.9164501864282,36.2,5.51,28.1
1057,Suriname,1980,3113.968436588815,30.8,3.07,26.7
1058,Suriname,1990,2160.048709153192,21.3,2.37,26.5
1059,Suriname,2000,4265.643419921134,18.049999999999997,2.14,27.3
1060,Suriname,2010,7870.2277759701,16.599999999999998,2.255,27.3
1061,Suriname,2020,6055.224196111631,15.149999999999999,2.37,27.3
1062,Sweden,1970,9109.20081961581,13.7,1.94,26.9
1063,Sweden,1980,17524.889650816458,11.8,1.73,28.4
1064,Sweden,1990,30204.32250793468,11.7,1.74,29.2
1065,Sweden,2000,41327.984776817306,11.2,1.77,30.5
1066,Sweden,2010,55535.90447292953,11.8,1.875,30.6
1067,Sweden,2020,56744.24767393325,13.9,1.98,30.7
1068,Switzerland,1970,9909.451636242273,16.0,2.09,27.8
1069,Switzerland,1980,22616.83504938593,11.5,1.51,28.4
1070,Switzerland,1990,42694.45094202503,11.7,1.5,29.3
1071,Switzerland,2000,55407.438234502006,9.8,1.42,30.5
1072,Switzerland,2010,85571.32402855002,10.3,1.495,30.8
1073,Switzerland,2020,90302.54567140821,28.400000000000002,1.57,31.1
1074,Syrian Arab Republic,1970,645.6697964259904,46.5,7.68,29.8
1075,Syrian Arab Republic,1980,1359.7195497866055,45.0,5.66,29.5
1076,Syrian Arab Republic,1990,1030.3164404321583,33.0,3.84,29.7
1077,Syrian Arab Republic,2000,1637.621489653932,28.0,3.58,29.6
1078,Syrian Arab Republic,2010,1525.951112145798,28.3,3.5250000000000004,29.3
1079,Syrian Arab Republic,2020,1020.979550820317,28.599999999999998,3.47,29.0
1080,Tajikistan,1990,280.75354505489565,28.9,3.62,27.6
1081,Tajikistan,2000,365.4322633317996,26.549999999999997,3.93,28.4
1082,Tajikistan,2010,910.3423778271612,28.666666666666664,3.5,28.1
1083,Tajikistan,2020,874.690853006878,30.78333333333333,3.07,27.8
1084,Thailand,1970,378.1736574495534,32.9,6.11,30.8
1085,Thailand,1980,926.2048940292786,23.9,2.24,27.6
1086,Thailand,1990,2239.041001727957,17.9,2.02,26.9
1087,Thailand,2000,2962.007195282204,11.55,1.49,27.0
1088,Thailand,2010,6075.980538584391,18.1125,1.46,26.95
1089,Thailand,2020,7032.606431496965,24.674999999999997,1.43,26.9
1090,Timor-Leste,1990,436.6669629719957,31.237499999999997,4.68,29.8
1091,Timor-Leste,2000,523.3289866253756,37.8,7.77,30.9
1092,Timor-Leste,2010,1201.3982654897404,40.199999999999996,6.72,30.9
1093,Timor-Leste,2020,1490.21352942195,42.6,5.67,30.9
1094,Togo,1970,255.3874828681428,45.0,6.64,30.3
1095,Togo,1980,362.8299814141999,44.6,6.44,30.3
1096,Togo,1990,419.6559328136047,34.9,5.2,30.1
1097,Togo,2000,474.1629930472544,34.025,5.44,30.325000000000003
1098,Togo,2010,812.5983461487452,33.15,5.68,30.55
1099,Togo,2020,906.4174939532485,32.275,5.92,30.775
1100,Tonga,1970,406.5435916976435,31.4,6.16,31.0
1101,Tonga,1980,1006.801515168668,29.9,5.2,30.7
1102,Tonga,1990,1969.623709976932,30.4,4.16,30.5
1103,Tonga,2000,2367.352011654989,27.6,3.88,30.8
1104,Tonga,2010,4157.515361284373,26.533333333333335,3.82,31.1
1105,Tonga,2020,4538.354775301035,25.466666666666665,3.76,31.4
1106,Trinidad and Tobago,1970,2214.9072507377387,24.4,3.63,27.7
1107,Trinidad and Tobago,1980,5583.754554912912,28.6,3.2,27.4
1108,Trinidad and Tobago,1990,4459.109665102961,15.3,1.81,27.2
1109,Trinidad and Tobago,2000,11806.732363741334,13.850000000000001,1.62,27.3
1110,Trinidad and Tobago,2010,17690.52074301141,21.333333333333332,1.56,27.5
1111,Trinidad and Tobago,2020,14952.150493840702,28.816666666666663,1.5,27.7
1112,Tunisia,1970,723.1229311525697,36.3,6.09,30.7
1113,Tunisia,1980,1318.230707711105,31.0,4.44,30.4
1114,Tunisia,1990,2003.277628853942,20.9,2.61,30.6
1115,Tunisia,2000,3068.7072656505197,17.6,2.04,31.1
1116,Tunisia,2010,3936.0398391705266,21.366666666666667,2.045,31.1
1117,Tunisia,2020,3652.458896837375,25.133333333333333,2.05,31.1
1118,Turkmenistan,1990,671.4992038764909,28.9,2.88,27.5
1119,Turkmenistan,2000,2727.7155089284943,24.4,2.6,24.4
1120,Turkmenistan,2010,6449.3418463326325,27.2,2.6,24.5
1121,Turkmenistan,2020,7944.35882866994,29.999999999999996,2.6,24.6
1122,Turks and Caicos Islands,1970,2704.430843247001,32.8,2.8042857142857143,25.271428571428572
1123,Turks and Caicos Islands,1980,6048.31489226112,26.7,3.008571428571429,25.942857142857143
1124,Turks and Caicos Islands,1990,12421.871271137474,19.6,3.212857142857143,26.614285714285714
1125,Turks and Caicos Islands,2000,23160.447261042562,11.5,3.4171428571428573,27.28571428571429
1126,Turks and Caicos Islands,2010,24897.7149188971,15.566666666666666,3.621428571428572,27.95714285714286
1127,Turks and Caicos Islands,2020,20895.421631250152,19.633333333333333,3.825714285714286,28.62857142857143
1128,Tuvalu,1970,546.0742254997095,23.7,4.03,29.3
1129,Tuvalu,1980,596.2453134212986,24.15,3.7,29.75
1130,Tuvalu,1990,1215.225851668801,24.6,3.37,30.2
1131,Tuvalu,2000,2117.961369463656,22.166666666666668,3.2533333333333334,29.666666666666668
1132,Tuvalu,2010,3753.9858855218613,24.950000000000003,3.1366666666666667,29.133333333333333
1133,Tuvalu,2020,5022.907619960581,27.733333333333334,3.02,28.6
1134,Türkiye,1970,1503.543582234704,30.516666666666666,3.605714285714286,28.585714285714285
1135,Türkiye,1980,2125.1724075498432,33.3,4.191428571428571,28.571428571428573
1136,Türkiye,1990,3973.857482043107,36.083333333333336,4.777142857142857,28.557142857142857
1137,Türkiye,2000,6659.00287458165,38.86666666666667,5.362857142857143,28.542857142857144
1138,Türkiye,2010,10870.301658384693,41.65,5.948571428571428,28.52857142857143
1139,Türkiye,2020,9111.146033505214,44.43333333333334,6.534285714285714,28.514285714285716
1140,Uganda,1970,206.60704156296111,47.21666666666667,7.12,28.5
1141,Uganda,1980,328.4540275000694,50.0,7.38,29.1
1142,Uganda,1990,282.2545417489001,48.1,6.86,28.4
1143,Uganda,2000,422.21943543677537,44.8,6.67,29.0
1144,Uganda,2010,849.6437758458736,42.1,6.4350000000000005,28.85
1145,Uganda,2020,893.75419437907,25.85,6.2,28.7
1146,Ukraine,1990,1202.5915132988857,9.6,3.71,27.2
1147,Ukraine,2000,1915.435378013716,9.0,1.22,25.7
1148,Ukraine,2010,3047.775782033907,11.0,1.2850000000000001,26.0
1149,Ukraine,2020,4081.5828214039448,18.833333333333332,1.35,26.3
1150,United Arab Emirates,1970,20654.05200649406,26.666666666666664,3.6300000000000003,29.0
1151,United Arab Emirates,1980,31873.00430546818,34.5,5.91,31.7
1152,United Arab Emirates,1990,26942.28769523368,26.049999999999997,2.8,30.7
1153,United Arab Emirates,2000,37475.76679668015,14.7,1.96,27.1
1154,United Arab Emirates,2010,42235.68340175102,14.892,1.99,27.1
1155,United Arab Emirates,2020,40879.27753956695,15.084,2.02,27.1
1156,United Kingdom of Great Britain and Northern Ireland,1970,4200.785270610673,15.276,2.05,27.130434782608695
1157,United Kingdom of Great Britain and Northern Ireland,1980,11013.93071895427,15.468,2.08,27.160869565217393
1158,United Kingdom of Great Britain and Northern Ireland,1990,22935.48622343635,15.66,2.11,27.191304347826087
1159,United Kingdom of Great Britain and Northern Ireland,2000,38469.003586940256,15.852,2.14,27.221739130434784
1160,United Kingdom of Great Britain and Northern Ireland,2010,42773.7463665886,16.044,2.17,27.252173913043478
1161,United Kingdom of Great Britain and Northern Ireland,2020,43436.628347551596,16.236,2.2,27.282608695652176
1162,United Republic of Tanzania: Mainland,1970,275.55708598277363,16.428,2.23,27.31304347826087
1163,United Republic of Tanzania: Mainland,1980,405.75262311336576,16.62,2.26,27.343478260869567
1164,United Republic of Tanzania: Mainland,1990,280.718235033615,16.812,2.29,27.37391304347826
1165,United Republic of Tanzania: Mainland,2000,472.1243007428842,17.004,2.32,27.40434782608696
1166,United Republic of Tanzania: Mainland,2010,918.0574129292087,17.195999999999998,2.35,27.434782608695652
1167,United Republic of Tanzania: Mainland,2020,1116.895923000425,17.387999999999998,2.38,27.46521739130435
1168,United Republic of Tanzania: Zanzibar,1990,264.3242568292217,17.58,2.41,27.495652173913044
1169,United Republic of Tanzania: Zanzibar,2000,433.8421487993502,17.772,2.44,27.52608695652174
1170,United Republic of Tanzania: Zanzibar,2010,866.9507128677685,17.964,2.47,27.556521739130435
1171,United Republic of Tanzania: Zanzibar,2020,1154.3650525632002,18.156,2.5,27.586956521739133
1172,United States,1970,8072.270671850965,18.348,2.53,27.617391304347827
1173,United States,1980,17742.245329396952,18.54,2.56,27.647826086956524
1174,United States,1990,28597.128836539538,18.732,2.59,27.678260869565218
1175,United States,2000,42525.7789235098,18.924,2.62,27.708695652173915
1176,United States,2010,55468.38495498643,19.116,2.65,27.73913043478261
1177,United States,2020,65937.75380501675,19.308,2.68,27.769565217391307
1178,Uruguay,1970,1420.230074264787,19.5,2.71,27.8
1179,Uruguay,1980,2656.497878665437,17.9,2.49,27.8
1180,Uruguay,1990,5843.277501553377,17.6,2.55,27.3
1181,Uruguay,2000,6187.7492606947035,15.15,1.96,27.6
1182,Uruguay,2010,16667.79900882997,20.066666666666666,1.96,27.65
1183,Uruguay,2020,16466.09376580005,24.983333333333334,1.96,27.7
1184,Uzbekistan,1990,771.4772175133934,29.9,3.34,26.3
1185,Uzbekistan,2000,780.7501869748555,20.6,2.58,26.8
1186,Uzbekistan,2010,2213.471310397854,22.6,2.51,26.75
1187,Uzbekistan,2020,1909.019894862,33.8,2.44,26.7
1188,Vanuatu,1970,713.6267784877588,45.0,6.75,29.1
1189,Vanuatu,1980,990.2972671793161,37.0,4.88,29.3
1190,Vanuatu,1990,1424.132400273781,30.5,5.04,29.18
1191,Vanuatu,2000,1845.1314175750329,32.025,5.2,29.06
1192,Vanuatu,2010,2989.342162510088,33.55,5.359999999999999,28.94
1193,Vanuatu,2020,2995.164534866145,35.075,5.52,28.82
1194,Venezuela (Bolivarian Republic of),1970,2310.037586095323,36.6,5.68,28.7
1195,Venezuela (Bolivarian Republic of),1980,3716.310590852011,29.3,3.59,28.1
1196,Venezuela (Bolivarian Republic of),1990,3126.052257295909,23.8,2.87,27.1
1197,Venezuela (Bolivarian Republic of),2000,6445.2646784114495,22.950000000000003,2.65,26.8
1198,Venezuela (Bolivarian Republic of),2010,10281.71821688534,28.46666666666667,2.63,26.6
1199,Venezuela (Bolivarian Republic of),2020,3851.5429585599,33.983333333333334,2.61,26.4
1200,Viet Nam,1970,91.69102365368504,39.5,3.705,29.25
1201,Viet Nam,1980,69.79983967790811,30.0,4.8,32.1
1202,Viet Nam,1990,244.26640032901668,19.2,2.34,27.4
1203,Viet Nam,2000,767.3364261769002,17.5,2.08,27.3
1204,Viet Nam,2010,2586.0419408170847,24.108333333333334,2.04,27.15
1205,Viet Nam,2020,3671.418038353165,30.71666666666667,2.0,27.0
1206,Yemen,1980,252.844572681451,37.325,4.245,28.6
1207,Yemen,1990,370.5773245126703,43.93333333333334,6.49,30.2
1208,Yemen,2000,876.9047799287962,39.7,6.16,30.8
1209,Yemen,2010,957.7403167225499,40.24090909090909,5.66,30.5
1210,Yemen,2020,296.632753848915,40.78181818181818,5.16,30.2
1211,Yemen: Former Democratic Yemen,1970,98.3438824518613,41.32272727272728,5.372857142857143,30.4
1212,Yemen: Former Democratic Yemen,1980,195.1842291286,41.86363636363637,5.585714285714286,30.6
1213,Yemen: Former Democratic Yemen,1990,224.724231544378,42.404545454545456,5.798571428571429,30.8
1214,Yemen: Former Yemen Arab Republic,1970,142.9697630405838,42.945454545454545,6.011428571428572,31.0
1215,Yemen: Former Yemen Arab Republic,1980,254.1075501442971,43.486363636363635,6.224285714285714,31.2
1216,Yemen: Former Yemen Arab Republic,1990,322.495275437049,44.02727272727273,6.437142857142858,31.400000000000002
1217,Zambia,1970,512.2749943558013,44.56818181818182,6.65,31.6
1218,Zambia,1980,528.5302272030652,45.10909090909091,6.365,30.200000000000003
1219,Zambia,1990,420.407387961744,45.65,6.08,28.8
1220,Zambia,2000,763.7146920025504,43.45,5.87,28.9
1221,Zambia,2010,1511.428111780581,42.462500000000006,6.015000000000001,29.1
1222,Zambia,2020,1025.6666803032886,41.475,6.16,29.3
1223,Zimbabwe,1970,748.1437497941052,40.4875,6.74,31.2
1224,Zimbabwe,1980,1173.5996409043103,39.5,5.42,29.5
1225,Zimbabwe,1990,1051.8736560181312,31.8,3.98,28.3
1226,Zimbabwe,2000,638.7421852888829,32.55,3.8,28.1
1227,Zimbabwe,2010,1349.4739290092634,32.55,3.955,28.0
1228,Zimbabwe,2020,1445.29310807695,32.55,4.11,27.9
